City_ID,City,Country,Max Temp,Current Description,Lat,Lng,Hotel Name
1,Camacha,PT,63.82,broken clouds,33.0833,-16.3333,Hotel Porto Santo & Spa
2,Arraial Do Cabo,BR,67.68,overcast clouds,-22.9661,-42.0278,Pousada Porto Praia
6,Jamestown,US,64.94,overcast clouds,42.097,-79.2353,Hampton Inn & Suites Jamestown
11,Vila Franca Do Campo,PT,64.2,few clouds,37.7167,-25.4333,Pestana Bahia Praia
14,Natal,BR,72.25,few clouds,-5.795,-35.2094,Villa Park Hotel | Natal
18,Praia Da Vitoria,PT,61.05,few clouds,38.7333,-27.0667,Hotel Branco I
19,Port Alfred,ZA,69.87,overcast clouds,-33.5906,26.891,The Halyards Hotel
22,Novopokrovskaya,RU,69.01,overcast clouds,45.9514,40.7006,Etalon hotel
23,Bathsheba,BB,79.41,few clouds,13.2167,-59.5167,Atlantis Hotel
25,Ponta Do Sol,PT,66.83,broken clouds,32.6667,-17.1,Hotel do Campo
26,Cockburn Town,TC,79.83,clear sky,21.4612,-71.1419,Osprey Beach Hotel
27,Le Vauclin,MQ,80.65,few clouds,14.5452,-60.8388,H√¥tel Cap Macabou
29,Gerash,IR,75.34,clear sky,27.6652,54.1371,Sa'adat House Gerash
31,Saint-Philippe,RE,65.79,scattered clouds,-21.3585,55.7679,"Chambres d'h√¥te ""La Trinit√©"""
32,Hamilton,US,73.99,clear sky,39.1834,-84.5333,Six Acres Bed & Breakfast
33,Changji,CN,83.19,clear sky,44.0167,87.3167,Lvye Holiday Resort
34,Busselton,AU,63.66,clear sky,-33.65,115.3333,Observatory Guest House
35,Mogadishu,SO,78.1,broken clouds,2.0371,45.3438,Hotel Juba
37,Tahta,EG,80.69,clear sky,26.7693,31.5021,ŸÅŸÜÿØŸÇ ÿßŸÑÿ≤Ÿäÿßÿ™
43,Talnakh,RU,65.23,broken clouds,69.4865,88.3972,Talnakh Hotel
46,Naples,IT,74.84,clear sky,40.8333,14.25,Renaissance Naples Hotel Mediterraneo
48,Grand Gaube,MU,73.38,overcast clouds,-20.0064,57.6608,Veranda Paul et Virginie Hotel & Spa
50,Ribeira Grande,PT,63.03,overcast clouds,38.5167,-28.7,Quinta da Meia Eira
51,Georgetown,MY,85.93,few clouds,5.4112,100.3354,Cititel Penang
52,Abu Kamal,SY,75.67,clear sky,34.4506,40.9171,ÿßŸÑÿ®ŸàŸÉŸÖÿßŸÑ
54,Salalah,OM,80.51,overcast clouds,17.0151,54.0924,"HAMDAN PLAZA HOTEL SALALAH, an HTG Hotel"
55,Medea,DZ,76.75,broken clouds,36.2642,2.7539,H√¥tel M'Sallah
57,Mizdah,LY,64.08,clear sky,31.4451,12.9801,ŸÖÿ≠ŸÖÿØÿßŸÑŸÖÿ®ÿ±ŸàŸÉ ÿßŸÑÿßÿ±ŸäŸÇÿ∑
59,Grajau,BR,71.78,few clouds,-5.8194,-46.1386,Hotel Confian√ßa
60,Jiquinlaca,HN,69.33,overcast clouds,14.0,-88.35,Hotel Plaza Colonial
65,Bambous Virieux,MU,73.22,scattered clouds,-20.3428,57.7575,Casa Tia Villa
66,Sabana Grande De Boya,DO,73.8,broken clouds,18.945,-69.7933,Balcones De Boya
69,Victoria,HK,86.97,overcast clouds,22.2855,114.1577,Mini Central
73,Port Elizabeth,ZA,66.49,clear sky,-33.918,25.5701,39 On Nile Guest House
75,Kutum,SD,74.53,overcast clouds,14.2,24.6667,Dibbo areaŸÖŸÜÿ∑ŸÇÿ© ÿØÿ®Ÿà
76,Kilindoni,TZ,78.96,broken clouds,-7.9139,39.6668,Bustani B&B
77,Kalemie,CD,69.17,broken clouds,-5.9475,29.1947,Mahobilali
78,Chapleau,CA,64.49,scattered clouds,47.8405,-83.4034,Nemegosenda Lake Lodge
80,Sur,OM,82.81,clear sky,22.5667,59.5289,Sur Plaza Hotel
81,East London,ZA,75.6,overcast clouds,-33.0153,27.9116,Tu Casa
82,Oranjestad,AW,82.35,few clouds,12.524,-70.027,Divi Village Golf & Beach Resort
84,Logansport,US,80.65,clear sky,40.7545,-86.3567,"Holiday Inn Express & Suites Logansport, an IHG Hotel"
86,Inhambane,MZ,67.06,clear sky,-23.865,35.3833,Oceano
88,Hithadhoo,MV,83.12,scattered clouds,-0.6,73.0833,Scoop Guest House
90,Nosy Varika,MG,65.66,heavy intensity rain,-20.5833,48.5333,Hotel Volazara
94,Marovoay,MG,65.71,clear sky,-16.1,46.6333,H√¥tel les Oliviers Marovoay
95,Lagoa,PT,62.17,overcast clouds,39.05,-27.9833,Casa Das Faias
96,Krasnoselkup,RU,66.94,overcast clouds,65.7,82.4667,Krasnosel'kupnefteprodukt
97,Hambantota,LK,80.94,few clouds,6.1241,81.1185,Bungalow 63
102,Garowe,SO,76.41,overcast clouds,8.4054,48.4845,Curubo Hotel
103,Richards Bay,ZA,60.08,few clouds,-28.783,32.0377,BON Hotel Waterfront Richards Bay
106,Lyman,UA,65.3,overcast clouds,48.9884,37.8023,"–í—ñ–ª–ª–∞ ""–§—ñ–ª—ñ–Ω"""
107,Grand-Santi,GF,72.52,overcast clouds,4.25,-54.3833,Hotel La Villa Couacou
108,Anloga,GH,80.24,overcast clouds,5.7947,0.8973,Pin Drop Hotel
109,Farafangana,MG,66.63,light rain,-22.8167,47.8333,Miarina
110,Tonekabon,IR,73.35,clear sky,36.8163,50.8738,Hotel Sadra
112,Muros,ES,69.1,clear sky,42.7762,-9.0603,Apartment Av. Castelao
113,Sabha,LY,75.51,few clouds,27.0377,14.4283,ŸÖÿ≠ÿ∑ÿ© ÿßŸÖ ÿßŸÑÿßÿ±ÿßŸÜÿ® -ÿ≥ÿ®Ÿáÿß ŸÖŸàÿßÿµŸÑÿßÿ™
114,Buraydah,SA,82.85,clear sky,26.326,43.975,M√∂venpick Qassim
115,Abeche,TD,82.35,light rain,13.8292,20.8324,Assaleh Hamdan Haroune
116,Barcelos,PT,66.34,overcast clouds,41.5388,-8.6151,Hotel Restaurante Bagoeira
119,Oriximina,BR,73.04,clear sky,-1.7656,-55.8661,Pousada Tia Am√©lia
121,Manavgat,TR,72.95,overcast clouds,36.7867,31.4431,Lake & River Side Hotel & Spa
126,Hobyo,SO,78.3,clear sky,5.3505,48.5268,Iftin hotel hobyo
127,Touros,BR,75.78,clear sky,-5.1989,-35.4608,INN NEW HORIZON
129,Sao Filipe,CV,73.56,scattered clouds,14.8961,-24.4956,Hotel Xaguate
132,Bani,DO,76.44,few clouds,18.2833,-70.3333,Hospedaje Henriquez
133,Afonso Bezerra,BR,72.91,clear sky,-5.4983,-36.5056,Pousada Shammah
134,Moyale,KE,62.49,overcast clouds,3.5167,39.0584,La Tahzan Guest House
135,Harper,LR,76.75,clear sky,4.375,-7.7169,Screensaver
138,Zhezkazgan,KZ,64.38,few clouds,47.8043,67.7144,Hotel Zumrat
139,Carbonia,IT,69.01,clear sky,39.1672,8.5222,Lu 'Hotel
141,Santo Antonio Do Ica,BR,69.84,overcast clouds,-3.1022,-67.9397,HOTEL AMAZON WAY
142,Bubaque,GW,79.11,light rain,11.2833,-15.8333,"Casa Dora, Bubaque"
143,Iquique,CL,60.84,scattered clouds,-20.2208,-70.1431,Backpacker`s Hostel Iquique
144,Bom Jesus,BR,71.02,scattered clouds,-9.0744,-44.3586,Hotel Bras√£o & Floricultura Bella Flor
146,Gat,IL,69.4,clear sky,31.61,34.7642,OlusHome
147,Jalu,LY,72.14,clear sky,29.0331,21.5482,ÿµÿßÿ≠ÿ®ÿ© ÿßŸÑŸÅÿÆÿßŸÖÿ©
149,Salinas,US,76.48,clear sky,36.6777,-121.6555,Laurel Inn & Conference Center
151,San Rafael Del Sur,NI,76.17,overcast clouds,11.8485,-86.4384,Hospedaje El Chino
152,Saint-Pierre,RE,71.91,clear sky,-21.3393,55.4781,Alize Plage
154,Faya,SA,73.51,clear sky,18.3851,42.4509,ÿßŸÖŸÑÿßŸÉ ÿÆÿßŸÑÿØ ÿßŸÑÿ¥ÿπÿ¥Ÿàÿπ
160,Kaliganj,BD,88.93,broken clouds,23.4095,89.1402,‡¶Ö‡ßü‡¶® ‡¶¨‡¶ø‡¶∂‡ßç‡¶¨‡¶æ‡¶∏ ‡¶π‡¶æ‡¶â‡¶ú
163,Puerto Leguizamo,CO,66.63,overcast clouds,-0.1934,-74.7819,la casona de juancho
164,Sao Joao Da Barra,BR,65.95,overcast clouds,-21.6403,-41.0511,Pousada Porto De Canoas
166,Cozumel,MX,78.01,overcast clouds,20.5083,-86.9458,Cozumel Palace¬Æ All Inclusive Resort
167,Urumqi,CN,79.75,clear sky,43.801,87.6005,Hua Ling Grand Hotel Urumqi
170,Porto Novo,BJ,82.22,overcast clouds,6.4965,2.6036,Tour Eiffel Hotel Benin
171,Laguna,US,83.05,clear sky,38.421,-121.4238,"Holiday Inn Express & Suites Elk Grove Central - Hwy 99, an IHG Hotel"
172,Platanos,GR,69.08,clear sky,37.6667,21.6167,Hotel Kronio
174,Nouadhibou,MR,69.78,few clouds,20.931,-17.0347,El Medina
176,Turayf,SA,66.45,clear sky,31.6725,38.6637,Turaif
179,Matanzas,CU,78.6,broken clouds,23.0411,-81.5775,Hostal Sue√±os
187,Olean,US,68.68,clear sky,42.0776,-78.4297,Best Western Plus University Inn
188,Khash,IR,78.49,clear sky,28.2211,61.2158,ÿÆŸàÿßÿ®⁄ØÿßŸá ÿ¢ÿ®ÿ¨€å ŸÖÿ≠ÿØÿ´Ÿá
191,Mitsamiouli,KM,76.59,clear sky,-11.3847,43.2844,Foyer ADM
193,Kikwit,CD,70.3,overcast clouds,-5.041,18.8162,HOTEL PLACE YALABA
194,Bratslav,UA,63.0,scattered clouds,48.8226,28.9407,–¶–µ–Ω—Ç—Ä –ë—Ä–∞—Ü–ª–∞–≤–∞
199,Padang,ID,77.05,overcast clouds,-0.9492,100.3543,Mercure Padang
204,Vieux-Habitants,GP,74.77,clear sky,16.0589,-61.7659,G√Ætes Dardanelle
205,Venice,US,84.22,few clouds,27.0998,-82.4543,A Beach Retreat On Casey Key
206,Marsh Harbour,BS,80.98,few clouds,26.5412,-77.0636,Abaco Beach Resort
207,Saint Anthony,US,76.3,overcast clouds,45.0205,-93.218,"Holiday Inn Express Roseville-St. Paul, an IHG Hotel"
208,Mapiripan,CO,66.49,overcast clouds,2.8892,-72.1256,Monserrate
213,Salinopolis,BR,79.56,few clouds,-0.6136,-47.3561,Salinas Park Resort Ma√ßarico AP101
214,Meulaboh,ID,79.84,broken clouds,4.1363,96.1285,Kost Pria
217,Alberton,CA,60.93,moderate rain,46.8168,-64.0654,La Petite France B&B
218,Westport,US,77.38,overcast clouds,41.1415,-73.3579,The Westport Inn
219,Lake City,US,82.78,clear sky,30.1897,-82.6393,Ramada Limited Lake City
220,Ushtobe,KZ,74.8,broken clouds,45.2514,77.9838,Filipin Squad
221,Geraldton,AU,61.21,broken clouds,-28.7667,114.6,Broadwater Mariner Resort
222,Sayyan,YE,64.49,overcast clouds,15.1718,44.3244,ŸÖŸÑÿßÿ∑ŸÅ ÿßÿ®Ÿàÿ≠Ÿàÿ±Ÿäÿ©
223,Thomaston,US,89.38,clear sky,32.8882,-84.3266,Days Inn by Wyndham Thomaston
224,Ambanja,MG,68.86,few clouds,-13.6833,48.45,Hotel Salama and Fast Food
225,Kudahuvadhoo,MV,82.92,overcast clouds,2.6708,72.8944,Niyama Private Islands Maldives
226,La Romana,DO,80.96,few clouds,18.4273,-68.9728,Casa de Campo Resort and Villas
228,Lethem,GY,74.16,overcast clouds,3.3803,-59.7968,Savannah Inn
231,Acarau,BR,76.73,few clouds,-2.8856,-40.12,castelo pizzaria
233,Mahebourg,MU,73.26,scattered clouds,-20.4081,57.7,Shandrani Beachcomber Resort & Spa
234,Rock Sound,BS,80.78,clear sky,24.9,-76.2,Pink Corral Bay Property
235,Kralendijk,BQ,82.38,few clouds,12.15,-68.2667,Divi Flamingo Beach Resort & Casino
236,Bosaso,SO,89.74,overcast clouds,11.2842,49.1816,Red Sea Hotel
237,Piacabucu,BR,74.71,clear sky,-10.4056,-36.4344,Pia√ßabu√ßu News
240,Cayenne,GF,76.08,overcast clouds,4.9333,-52.3333,H√¥tel Le Dronmi
241,Caravelas,BR,73.06,overcast clouds,-17.7125,-39.2481,Pousada dos Navegantes
243,Tshikapa,CD,67.98,broken clouds,-6.4167,20.8,Tatem beach
244,Souillac,MU,71.98,scattered clouds,-20.5167,57.5167,Shanti Maurice Resort & Spa
245,Koroni,GR,72.07,clear sky,36.8,21.95,Apartments Xenios Zeus 1
246,Bandarbeyla,SO,80.74,broken clouds,9.4942,50.8122,JABIR HOTEL
248,Ardakan,IR,84.33,clear sky,32.31,54.0175,Ardakan Hotel
251,Barhi,IN,89.83,broken clouds,23.9,80.8,Umesh Kevat
252,Soyo,AO,72.45,overcast clouds,-6.1349,12.3689,Hospedaria ndozi'ame
254,Iralaya,HN,76.39,overcast clouds,15.0,-83.2333,Iglesia morava renovada
258,Nileshwar,IN,79.41,scattered clouds,12.25,75.1,Neeleshwar Hermitage
259,Maragogi,BR,75.18,scattered clouds,-9.0122,-35.2225,Salinas do Maragogi All Inclusive Resort
260,Banyo,CM,63.68,overcast clouds,6.75,11.8167,Motel JOMBA
261,Novyy Svit,UA,62.69,clear sky,47.8059,38.0211,–≠–Ω–µ—Ä–≥–µ—Ç–∏–∫
262,Syracuse,IT,69.31,clear sky,37.0881,15.2792,Hotel Posta
263,Palmas,BR,76.87,clear sky,-10.2128,-48.3603,Hotel Lago da Palma
264,San Cristobal,VE,65.97,overcast clouds,7.7669,-72.225,Pirineos
265,Kachiry,KZ,61.39,heavy intensity rain,53.0675,76.1036,"–ù–æ—á–Ω–æ–π –∫–ª—É–± BasMax, –ì–æ—Å—Ç–∏–Ω–∏—Ü–∞ , –†–µ—Å—Ç–æ—Ä–∞–Ω , –ú–∞–≥–∞–∑–∏–Ω-–∞–≤—Ç–æ–∑–∞–ø. —Å—Ç–æ –≤—É–ª–∫–∞–Ω–∏–∑–∞—Ç–æ—Ä ,"
268,Beyneu,KZ,72.07,overcast clouds,45.3167,55.2,NUR
269,Aksu,CN,84.02,overcast clouds,41.1231,80.2644,Pudong Holiday Hotel
270,Corrente,BR,71.26,few clouds,-3.7367,-43.3394,Chapadinhense Hotel
271,Trairi,BR,76.75,clear sky,-3.2778,-39.2689,janelas do mar
273,Muli,MV,82.94,broken clouds,2.9167,73.5667,Medhufushi Island Resort
276,Bengkulu,ID,80.33,broken clouds,-3.8004,102.2655,Grage Hotel Bengkulu
278,Aswan,EG,85.3,clear sky,24.0934,32.907,Nuba Nile
279,Rosita,NI,71.92,overcast clouds,13.9268,-84.4032,Hospedaje Zeled√≥n
280,Jasper,US,87.24,clear sky,37.2001,-94.3502,Guest House Motel
281,Veraval,IN,84.15,broken clouds,20.9,70.3667,Lords Inn Somnath
283,Bereda,ES,60.58,overcast clouds,43.2686,-7.5406,Pazo de Verdes
292,Marmora,IT,60.46,clear sky,44.4583,7.094,Locanda Occitana Lou Pitavin
293,Bud,US,85.89,overcast clouds,39.447,-86.1758,Ted McQuinn Trust
294,Maceio,BR,72.84,clear sky,-9.6658,-35.7353,Hotel Ponta Verde Macei√≥
296,Carnarvon,AU,66.54,broken clouds,-24.8667,113.6333,Hospitality Carnarvon
297,Praia,CV,73.94,few clouds,14.9215,-23.5087,LT Aparthotel
298,Chamba,IN,87.51,clear sky,32.5667,76.1333,NotOnMap - Rafi's House
300,Pavlodar,KZ,66.0,light rain,52.3,76.95,Sary Arka
302,Nantucket,US,71.71,mist,41.2835,-70.0995,Jared Coffin House
306,Nikki,BJ,73.71,overcast clouds,9.9401,3.2108,Monnon
307,Oil City,US,72.99,clear sky,41.4339,-79.7064,Days Inn by Wyndham Oil City Conference Center
310,Tondi,IN,86.38,overcast clouds,9.7333,79.0167,Star Lodge
312,Dharchula,IN,84.56,scattered clouds,29.85,80.5333,Mahara Hotel
313,Sidi Ali,DZ,77.47,overcast clouds,36.0998,0.4206,Complexe touristique haje bezine
314,Itarema,BR,76.57,few clouds,-2.9248,-39.9167,"Sea Lounge! Bar, Club & Restaurant"
315,Los Llanos De Aridane,ES,65.95,overcast clouds,28.6585,-17.9182,Valle Aridane
316,Jacareacanga,BR,71.82,overcast clouds,-6.2222,-57.7528,Casa do Ianüòé
318,Santa Marta,CO,80.65,broken clouds,11.2408,-74.199,Hotel La Ballena Azul
320,Yarim,YE,61.68,broken clouds,14.298,44.3779,ŸàŸÑŸäÿØ ÿßŸÑŸÖÿ≥Ÿàÿ±Ÿä ÿßÿ®Ÿà ÿßÿ≥ÿØ
321,Olinda,BR,80.33,few clouds,-8.0089,-34.8553,Flat Quatro Rodas Olinda
322,Azpeitia,ES,69.21,clear sky,43.1825,-2.2669,Arrupe
323,Guiratinga,BR,61.09,scattered clouds,-16.3494,-53.7583,Hotel Angra do Cerrado - Guiratinga MT
325,Bonthe,SL,77.72,moderate rain,7.5264,-12.505,Bonthe Holiday Village
326,Matara,LK,79.81,overcast clouds,5.9485,80.5353,Amaloh Boutique Resort
328,North Myrtle Beach,US,82.38,overcast clouds,33.816,-78.68,Avista Resort
329,Kingston,JM,83.35,few clouds,17.997,-76.7936,The Jamaica Pegasus Hotel
331,Knezica,BA,60.6,overcast clouds,45.1028,16.6775,Mira's Farmstay
332,San Javier,ES,76.39,overcast clouds,37.8063,-0.8374,Hotel Mar Menor
333,Buta,CD,67.62,broken clouds,2.7858,24.73,HOTEL BISO NA BISO
334,Kapuskasing,CA,73.4,few clouds,49.4169,-82.4331,Park Inn Motel
336,Cururupu,BR,74.44,clear sky,-1.8283,-44.8683,POUSADA TRAV√âS'CIA
337,Wukari,NG,76.91,overcast clouds,7.85,9.7833,Elimtop
338,Keti Bandar,PK,84.04,clear sky,24.1447,67.4497,Haji laloo memon house
339,Udaipur,IN,77.9,overcast clouds,24.5712,73.6918,"Taj Lake Palace, Udaipur"
340,Talara,PE,63.84,broken clouds,-4.5772,-81.2719,Hostal Oro Negro
341,Lixourion,GR,72.34,scattered clouds,38.2019,20.4314,Hotel Summery
342,Freeport,US,81.18,clear sky,40.6576,-73.5832,The Freeport Inn and Marina
347,Belyy Yar,RU,70.86,clear sky,53.6039,91.3903,Pasportnyy Stol
348,Ushirombo,TZ,69.55,overcast clouds,-3.4919,31.9639,Kigali Hotel
349,Ambovombe,MG,60.8,clear sky,-25.1667,46.0833,RELAHARA
350,Coari,BR,71.04,overcast clouds,-4.085,-63.1414,Dellrey Hotel Center
351,Baghdad,IQ,78.71,clear sky,33.3406,44.4009,Baghdad Hotel
352,Paracatu,BR,64.4,broken clouds,-17.2222,-46.8747,Hotel Paracatu Plaza
354,Chulym,RU,68.59,broken clouds,55.0997,80.9572,"""U Tat'yany"""
355,Namibe,AO,65.98,clear sky,-15.1961,12.1522,Hotel Chik Chik Namibe
358,Divnomorskoye,RU,65.68,few clouds,44.5011,38.1353,Primorskiy
359,Saint-Tite,CA,64.71,clear sky,46.7334,-72.5658,G√Æte de l'Artiste
362,Gunjur,GM,78.87,moderate rain,13.2019,-16.7339,Jallo Kurundingoto Eco Tourist Camp
363,Barroquinha,BR,71.29,few clouds,-3.0189,-41.1361,Pousada barroquinha
364,Cumberland,US,88.57,clear sky,35.0502,-78.8664,American Eagle Inn
369,Muisne,EC,75.38,overcast clouds,0.6,-80.0333,Quinta Samay
371,Mangan,IN,75.58,overcast clouds,27.5167,88.5333,Hotel Mout View
374,Seminole,US,86.2,scattered clouds,28.7086,-81.2081,Ono Hot Dog Cart and Catering Lemonade and Shaved Hawaiian Ice
377,Umm Lajj,SA,82.54,clear sky,25.0213,37.2685,Moon light Furnished Units
379,Ivankiv,UA,60.49,light rain,50.9386,29.8943,Ekohospresurs
380,Minab,IR,88.12,scattered clouds,27.1467,57.0801,Bam campground
381,Lancaster,US,77.38,scattered clouds,40.2504,-76.2499,Refreshing Mountain Retreat and Adventure Center
382,Vila Velha,BR,68.95,few clouds,-20.3297,-40.2925,Hotel Vit√≥ria Palace
383,Umarizal,BR,71.24,clear sky,-5.9906,-37.8144,Pousada Sossego
384,Bardiyah,LY,71.4,clear sky,31.7561,25.0865,ÿ®Ÿàÿ±ÿ™Ÿà ÿ®ÿ±ÿØŸäÿ©
385,Tocopilla,CL,61.09,scattered clouds,-22.092,-70.1979,Hotel Galvarino
386,El Alto,PE,62.94,overcast clouds,-4.2714,-81.2147,Black Marlin Restaurant & Hospedaje
388,Sambava,MG,70.43,few clouds,-14.2667,50.1667,Melrose
389,Mbandaka,CD,69.28,overcast clouds,0.0487,18.2603,Guest House Epervier
390,Paracuru,BR,81.1,clear sky,-3.41,-39.0306,Hotel Vento Brasil
391,Puerto Colombia,CO,82.49,broken clouds,10.9878,-74.9547,Hotel El Emigrante
393,Abnub,EG,79.02,clear sky,27.2696,31.1511,ÿØŸàÿßÿ± ÿßŸÑ ÿπÿ®ÿØ ÿßŸÑÿ¨ŸàÿßÿØ ÿ¥ÿ±ŸÇ ÿßŸÑÿ®ŸÑÿØ ÿ®ÿßÿ®ŸÜŸàÿ®
394,Alenquer,BR,74.14,clear sky,-1.9417,-54.7383,Detinha Hotel
395,Areosa,PT,65.07,broken clouds,41.7178,-8.8571,Hotel Fl√¥r de Sal
400,Porto Santo,PT,66.58,broken clouds,33.072,-16.3415,Hotel Porto Santo & Spa
402,Erchie,IT,74.95,clear sky,40.438,17.7306,Castello Conti Filo Resort
403,Zurrieq,MT,69.96,clear sky,35.8311,14.4742,Ta'Bertu Guest House
404,Dingle,PH,86.79,broken clouds,10.9995,122.6711,SEGAYA PROPERTY
405,Portoferraio,IT,73.09,clear sky,42.8115,10.3146,Hotel Villa Ombrosa
406,Uniontown,US,77.76,overcast clouds,39.9001,-79.7164,Hampton Inn Uniontown
410,Kargasok,RU,62.74,overcast clouds,59.0556,80.8572,Hotel Kargasok
414,Ibra,OM,77.05,clear sky,22.6906,58.5334,ŸÖÿ≤ÿ±ÿπÿ© ÿ±ÿßÿ≠ÿ© ÿßŸÑŸÜŸÅŸàÿ≥ ÿßŸÑŸÖŸÜÿ≤ŸÅÿ©
416,Abu Dhabi,AE,89.71,clear sky,24.4667,54.3667,Beach Rotana
417,Port Blair,IN,82.44,scattered clouds,11.6667,92.75,"Welcomhotel By ITC Hotels, Bay Island, Port Blair"
418,Bayir,TR,66.72,clear sky,37.2687,28.2167,Hotel Babadag
420,Zevio,IT,70.66,clear sky,45.3721,11.1293,Tenuta Albertini snc
421,Cabedelo,BR,74.07,clear sky,-6.9811,-34.8339,Pousada Camboinha
424,Lucapa,AO,62.94,clear sky,-8.4192,20.7447,L√≠rio Mendes
425,Waddan,LY,72.34,clear sky,29.1614,16.139,ŸÖÿ≠ŸÑ ÿßŸÑÿ¥ÿ±ŸäŸÅ ŸÖÿ≠ŸÖÿØ ÿßŸÑÿπÿßŸäÿ®
426,Kavaratti,IN,83.79,overcast clouds,10.5669,72.642,Hotels in Lakshadweep Islands
427,Takoradi,GH,76.98,light rain,4.8845,-1.7554,Raybow International Hotel
432,Jesi,IT,72.34,clear sky,43.5288,13.2402,Hotel Federico II
434,Mezhdurechensk,RU,67.57,overcast clouds,53.6942,88.0603,Apartments Mezhdurechensk
435,Suluq,LY,70.88,clear sky,31.6682,20.2521,Ÿàÿ±ÿ¥ÿ© ÿßŸÑÿ≠ÿ∂Ÿäÿ±Ÿä ŸÑÿßŸÉÿ™ÿ±ŸàŸÜÿßÿ™ ŸàÿÆÿØŸÖÿßÿ™ ÿßŸÑŸÜÿ™
436,Goderich,CA,64.72,broken clouds,43.7501,-81.7165,Harmony Inn
437,Bull Savanna,JM,76.42,overcast clouds,17.8868,-77.5902,Big Red's
439,Keffi,NG,74.07,overcast clouds,8.8486,7.8736,Imam Family
440,Juba,SS,68.63,light rain,4.8517,31.5825,ROYAL PALACE HOTEL - JUBA
441,Mumford,GH,77.27,broken clouds,5.2618,-0.759,Spanish Villa
443,Kouroussa,GN,71.91,scattered clouds,10.65,-9.8833,Hotel Tando Plus
444,Pisco,PE,62.65,overcast clouds,-13.7,-76.2167,Hotel San Isidro Oficial
445,Bolgatanga,GH,83.77,overcast clouds,10.7856,-0.8514,Mama's Place
446,Sao Felix Do Xingu,BR,71.47,broken clouds,-6.6447,-51.995,Rio Xingu Camping
447,Basoko,CD,69.89,overcast clouds,1.2391,23.616,Jackyna Hotel
448,Lebedyn,UA,60.24,few clouds,50.5852,34.4849,"The regional Children's multi-resort ""Lebedin"""
449,Ponta Delgada,PT,64.51,broken clouds,37.7333,-25.6667,Vila Nova Hotel
451,Matagami,CA,60.91,clear sky,49.7502,-77.6328,Motel Le Caribou
456,Saint-Georges,GD,80.28,broken clouds,12.0564,-61.7485,Radisson Grenada Beach Resort
457,Huescar,ES,71.11,overcast clouds,37.811,-2.5412,Hotel El Ma√±o
458,Dhidhdhoo,MV,82.98,overcast clouds,6.8833,73.1,Dhidhoo beach
459,Breaza,RO,62.29,scattered clouds,45.1833,25.6667,Gclub Breaza
460,Santa Isabel Do Rio Negro,BR,70.3,overcast clouds,-0.4139,-65.0192,Hotel GSA
461,Bombay,IN,82.38,haze,19.0144,72.8479,Hotel Avon Ruby-Dadar
462,Tashtyp,RU,63.64,light rain,52.7939,89.8983,Oblachnyye Glubiny Orden Gusu Lan'
463,Remigio,BR,70.88,scattered clouds,-6.9333,-35.7833,Pousada Ramon
464,Port-Gentil,GA,76.41,overcast clouds,-0.7193,8.7815,Fengshui Residence
465,Sarh,TD,71.83,overcast clouds,9.1429,18.3923,Domicile 1sur le goudron
466,Pitimbu,BR,73.99,scattered clouds,-7.4706,-34.8086,Reserva do Abia√≠
468,Misratah,LY,71.02,clear sky,32.3754,15.0925,Almasa Hotel
469,Ordynskoye,RU,72.18,overcast clouds,54.3656,81.8994,Lunevka
471,Bilma,NE,88.66,clear sky,18.6853,12.9164,Expeditions T√©n√©re voyages
475,Newberry,US,85.53,clear sky,34.2746,-81.6187,Hampton Inn Newberry-Opera House
477,Sao Gabriel Da Cachoeira,BR,69.01,overcast clouds,-0.1303,-67.0892,Alarne - √Årea De Lazer Do Alto Rio Negro
478,Mantua,IT,72.64,few clouds,45.1667,10.7833,Hotel la Favorita
480,Atasu,KZ,67.21,clear sky,48.6814,71.6433,Dostyk
481,Hurghada,EG,82.44,clear sky,27.2574,33.8129,Sea Star Beau Rivage Hotel
483,Boa Vista,BR,76.98,scattered clouds,2.8197,-60.6733,Aipana Plaza Hotel
485,Santa Barbara,US,79.3,clear sky,34.7333,-120.0343,Upper Ballard Campground
488,Loandjili,CG,73.51,few clouds,-4.7561,11.8578,R√©sidence ARCHANGE
489,Bikaner,IN,88.56,clear sky,28.0167,73.3,The Laxmi Niwas Palace
491,Nijar,ES,69.66,clear sky,36.9665,-2.206,La Casa del Cine
493,Murbad,IN,81.97,overcast clouds,19.25,73.4,OYO Flagship 62747 Hotel Sarika
495,Bati,ET,71.94,overcast clouds,11.1833,40.0167,Meqdela Hotel
499,Marinette,US,63.05,broken clouds,45.1,-87.6307,AmericInn by Wyndham Menominee
500,Nhamunda,BR,72.25,scattered clouds,-2.1861,-56.7131,Pousada Da Praia
501,Key West,US,84.0,scattered clouds,24.5557,-81.7826,Fairfield Inn & Suites by Marriott Key West
502,Boshkengash,TJ,71.94,clear sky,38.4661,68.8053,–ß–æ–∏ —Å–≤–∏–¥–∞–Ω—è
504,Lazurne,UA,69.6,clear sky,46.084,32.5295,New Manna Hostel
507,Ilo,PE,61.66,overcast clouds,-17.6394,-71.3375,Torreblanca Hotel
508,Gazanjyk,TM,85.26,broken clouds,39.2446,55.5154,Railway motel
514,Rabat,MA,71.67,broken clouds,33.9911,-6.8401,H√¥tel Mercure Rabat Sheherazade
521,Kasongo,CD,70.59,few clouds,-4.45,26.6667,Guest H√¥tel
523,The Valley,AI,81.82,scattered clouds,18.217,-63.0578,CeBlue Villas & Beach Resort
525,Rio De Janeiro,BR,69.76,broken clouds,-22.9028,-43.2075,Hotel cruz de ouro
526,Zhanaozen,KZ,78.57,overcast clouds,43.3,52.8,K.korabay 28A
527,Varzea Da Palma,BR,64.49,overcast clouds,-17.5981,-44.7308,Casa Fernandes
530,Booue,GA,71.74,light rain,-0.0921,11.9385,Splendeur de l'√©quateur
531,Villagarzon,CO,67.48,overcast clouds,1.0375,-76.6267,Hotel Samari
534,Huarmey,PE,63.41,clear sky,-10.0681,-78.1522,Hotel Miramar
535,San Andres,CO,78.46,overcast clouds,12.5847,-81.7006,Hotel Arena Blanca
537,Ivanteyevka,RU,63.34,overcast clouds,55.9711,37.9208,New Slides
538,Owando,CG,72.0,overcast clouds,-0.4819,15.8999,Exaunel Hotel Owando
540,Cape Coast,GH,77.04,broken clouds,5.1053,-1.2466,Samrit Hotel
541,Lamu,KE,77.22,clear sky,-2.2717,40.902,Lamu House
543,Awbari,LY,76.3,few clouds,26.5921,12.7805,ŸÅŸÜÿØŸÇ ÿ£Ÿàÿ®ÿßÿ±Ÿä
545,Damghan,IR,80.65,clear sky,36.1683,54.348,ÿÆŸàÿßÿ®⁄ØÿßŸá ÿßÿ≥ÿßÿ™ŸäÿØ ÿØÿßŸÜÿ¥⁄ØÿßŸá ÿØÿßŸÖÿ∫ÿßŸÜ
546,Tabuk,PH,85.53,overcast clouds,17.4189,121.4443,Golden Berries Hotel and Convention
547,Bodden Town,KY,82.99,clear sky,19.2833,-81.25,Will T Place
549,Gambela,ET,69.12,light rain,8.25,34.5833,Solomon Debebe Hotel
550,Vargem Grande,BR,72.07,clear sky,-3.5431,-43.9158,Pousada S√£o Raimundo
553,Ambilobe,MG,67.42,clear sky,-13.2,49.05,H√¥tel & Restaurant DIANA Ambilobe
554,Tumbes,PE,71.55,broken clouds,-3.5667,-80.4414,Wyndham Costa del Sol Tumbes
556,Parrita,CR,76.17,overcast clouds,9.5201,-84.3225,Beso del Viento
558,Arcachon,FR,70.12,clear sky,44.5875,-1.0519,H√¥tel All Suites Le Teich
559,Boueni,YT,75.18,clear sky,-12.9025,45.0761,The feet in water
560,Raduzhnyy,RU,62.15,broken clouds,62.0961,77.475,Gostiny Dvor Evgeniya
561,Baffa,PK,85.8,clear sky,34.4378,73.2194,Kisan veternary store Baffa
563,Agboville,CI,71.15,few clouds,5.928,-4.2132,hotel LE PRESTIGE
567,Katyuzhanka,UA,68.59,light rain,50.806,30.1376,–£–õ–Ü–°
568,Big Bend,SZ,74.37,broken clouds,-26.8167,31.9333,The Lebombo Villa B+B
570,Oistins,BB,78.89,few clouds,13.0667,-59.5333,Butterfly Beach Hotel
571,Hualmay,PE,63.01,clear sky,-11.0964,-77.6139,Hotel Villa Kitzia Huacho
572,Cap Malheureux,MU,73.47,overcast clouds,-19.9842,57.6142,Pereybere Hotel & Spa
575,Pemba,MZ,70.32,few clouds,-12.974,40.5178,Guesthouse Samotina
576,Halifax,CA,60.69,light intensity shower rain,44.6453,-63.5724,Hotel Halifax
577,Luanda,AO,67.87,scattered clouds,-8.8368,13.2343,EPIC SANA Luanda
578,Tamandare,BR,75.47,scattered clouds,-8.7597,-35.1047,Pousada 100 Passos
579,Abong Mbang,CM,66.69,overcast clouds,3.9833,13.1833,Auberge Angle Sur
581,La Asuncion,VE,78.53,overcast clouds,11.0333,-63.8628,Colinas de Matasiete
582,Sainte-Marie,RE,72.41,few clouds,-20.8968,55.5496,Les pailles en queue de Sainte Marie
583,Asyut,EG,78.98,clear sky,27.181,31.1837,ŸÅŸÜÿØŸÇ ŸÖŸäÿ≥ ÿ•Ÿäÿ¨Ÿäÿ®ÿ™ Miss Egypt Hotel
584,Jibuti,DJ,87.1,overcast clouds,11.5,42.5,Orchid Main Camp Goubet
586,Nimaparha,IN,86.4,few clouds,20.0667,86.0167,Gopinatha sweet
588,Bissau,GW,78.91,thunderstorm,11.8636,-15.5977,Hotel Ancar
589,Marsa Matruh,EG,70.0,clear sky,31.3525,27.2453,Beau Site
592,Adeje,ES,71.02,broken clouds,28.1227,-16.726,Gran Tacande Wellness & Relax
594,Yarmouth,US,71.71,few clouds,41.7057,-70.2286,Blue Rock Resort
595,Puri,IN,86.52,few clouds,19.8,85.85,OYO 1577 Hotel Shree Hari Grand
598,Valledupar,CO,73.63,overcast clouds,10.4631,-73.2532,Hotel Arawak Upar
599,Carauari,BR,69.53,broken clouds,-4.8828,-66.8958,Hotel Fellip
600,Morrovalle,IT,68.41,clear sky,43.3165,13.5885,La Luma hotel
601,Laje,BR,70.3,few clouds,-10.1833,-40.9667,NN Pousada
605,Beberibe,BR,77.05,clear sky,-4.1797,-38.1306,Villa Arte Pousada Morro Branco
613,Ormara,PK,82.02,clear sky,25.2088,64.6357,Kenara Colony House for Rent
614,Miandrivazo,MG,67.86,clear sky,-19.5167,45.4667,H√¥tel Arc En Ciel Miandrivazo
615,Balkanabat,TM,88.88,overcast clouds,39.5108,54.3671,Nebitchi Hotel
616,Camacari,BR,80.37,overcast clouds,-12.6975,-38.3242,S√≠tio Blasi
617,Tabou,CI,75.97,clear sky,4.423,-7.3528,hot√™l doufoulougou
618,Mandali,IQ,84.69,clear sky,33.7499,45.5541,ŸÇÿ±ÿ¶ ÿßŸÑÿ¥ŸäÿÆ ÿ≥ÿ≠ÿßÿ® ÿßŸÑŸÜÿØÿß
620,Axim,GH,77.9,scattered clouds,4.8699,-2.2405,Axim Beach Resort And Spa
621,Brigantine,US,77.05,clear sky,39.4101,-74.3646,Legacy Vacation Resorts - Brigantine Beach
622,Bhadasar,IN,89.78,clear sky,28.2833,74.3167,OMPRAKASH JAKHAR
624,Kozan,TR,68.29,broken clouds,37.4552,35.8157,Ortaklar Kiz Ogrenci Yurdu
626,Charleston,US,83.1,scattered clouds,32.7766,-79.9309,The Mills House Wyndham Grand Hotel
631,Manati,PR,81.68,clear sky,18.4275,-66.4921,Manati World Point Inn
633,Itaituba,BR,70.84,scattered clouds,-4.2761,-55.9836,Hotel Campos
634,Mayumba,GA,73.04,overcast clouds,-3.432,10.6554,LIKWALE LODGE
635,Thompson,CA,78.96,scattered clouds,55.7435,-97.8558,Burntwood Hotel
636,Belmonte,BR,74.39,overcast clouds,-15.8631,-38.8828,Pousada Monte Carmelo O P√£o
640,Gloversville,US,63.18,clear sky,43.0528,-74.3438,"Holiday Inn Johnstown-Gloversville, an IHG Hotel"
641,Awjilah,LY,71.94,clear sky,29.1081,21.2869,ÿßŸÑŸÖŸÜÿ≤ŸÑ
642,Wilmington,US,81.0,clear sky,34.2257,-77.9447,"Hotel Ballast Wilmington, Tapestry Collection by Hilton"
643,Kogon,UZ,69.84,clear sky,39.7228,64.5517,"""AFROSIYOB"" HOSTEL"
644,Ugoofaaru,MV,82.98,overcast clouds,5.6667,73.0,Ungoofaaru Inn
646,Kishi,NG,73.89,scattered clouds,9.0833,3.85,New NCCF KISI
647,Kourou,GF,76.1,overcast clouds,5.1552,-52.6478,Lodge TAKINI4 Guesthouse KOUROU FGU
650,Florence,IT,70.3,clear sky,43.7667,11.25,Hotel Nuova Italia
653,Havelock,US,82.38,broken clouds,34.8791,-76.9013,Sherwood Motel
661,Conceicao Da Barra,BR,68.77,overcast clouds,-18.5933,-39.7322,Cricar√© Praia Hotel
662,Asadabad,IR,60.75,clear sky,34.7824,48.1185,⁄©ÿßŸÖŸæ€åŸàÿ™ÿ± ÿµÿßÿØŸÇ
666,Mana,GF,77.0,overcast clouds,5.6592,-53.7767,LE SAMANA
668,Cumra,TR,60.08,broken clouds,37.5732,32.7745,Catalhoyuk Hotel
669,Altagracia De Orituco,VE,70.16,overcast clouds,9.8601,-66.3814,Posada Quinta Mi Refugio
670,Alindao,CF,69.06,overcast clouds,5.0267,21.2088,OCHA Alindao
671,Deer Lake,CA,62.46,scattered clouds,49.1667,-57.4316,"Holiday Inn Express Deer Lake, an IHG Hotel"
672,Nisia Floresta,BR,72.41,clear sky,-6.0911,-35.2086,Rancho Crepusculo
674,Turukhansk,RU,68.43,broken clouds,65.8167,87.9833,"–û–û–û ""–¢—É—Ä—É—Ö–∞–Ω—Å–∫–∞—è –ø—É—à–Ω–∏–Ω–∞"""
677,Guarapari,BR,68.9,overcast clouds,-20.6667,-40.4975,Hotel Porto do Sol
678,Aleksandrov Gay,RU,61.88,clear sky,50.147,48.5704,Gostinitsa
679,Barra Do Corda,BR,73.08,broken clouds,-5.5,-45.25,Belchior Palace Hotel
681,Timizart,DZ,76.96,clear sky,36.8,4.2667,yefssah restaurant
682,Mindelo,CV,72.95,few clouds,16.8901,-24.9804,Hotel Gaudi
683,Abha,SA,73.22,clear sky,18.2164,42.5053,Abha Hotel
686,Ughelli,NG,74.28,overcast clouds,5.4899,6.0074,Prestige Hotel
690,Sindou,BF,77.61,clear sky,10.6667,-5.1667,LERABA HOTEL
692,Loiza,PR,80.06,scattered clouds,18.4313,-65.8802,Puerto Rico Vacation Villas at Aquatika
694,Kumo,NG,80.62,overcast clouds,10.0447,11.2122,Ajegunle Lodge(corpers Lodge)
696,Kyshtovka,RU,60.69,broken clouds,56.555,76.6271,Uyutnaya Mini-Hotel
699,Shetpe,KZ,73.08,overcast clouds,44.1667,52.1167,Rtsm Shetpe Analog
704,Benguela,AO,68.38,clear sky,-12.5763,13.4055,Hotel Praia Morena
707,Camana,PE,61.03,overcast clouds,-16.6228,-72.7111,Hostal Morales
708,Gilgit,PK,74.73,few clouds,35.9221,74.3087,Tourist Hamlet Gilgit
710,Manta,EC,73.18,broken clouds,-0.95,-80.7333,Balandra Hotel
